img,label,FrameID,Timestamp,Pred_Class,Domain,Video
images/p4_12.12_100518-101118_12_17_f000087_s0000176.jpg,In-Car,87,3.480,,p4,data/natural_driving/p4/剪辑好的视频/第一批/12.12 100518-101118/12月17日.mp4
images/p4_12.12_234035-000435_12_18_f000103_s0000264.jpg,Other,103,4.120,,p4,data/natural_driving/p4/剪辑好的视频/第一批/12.12 234035-000435/12月18日.mp4
images/p4_12.12_091525-094535_12_17_1_f000323_s0000144.jpg,Other,323,12.920,,p4,data/natural_driving/p4/剪辑好的视频/第一批/12.12 091525-094535/12月17日(1).mp4
images/p4_12.11_140844-143544_12_17_1_f000501_s0000088.jpg,Forward,501,20.040,,p4,data/natural_driving/p4/剪辑好的视频/第一批/12.11 140844-143544/12月17日(1).mp4
images/p4_12.12_161823-164523_12_17_1_f000692_s0000200.jpg,Forward,692,27.680,,p4,data/natural_driving/p4/剪辑好的视频/第一批/12.12 161823-164523/12月17日(1).mp4
images/p4_12.11_092128-094645_12_17_f000704_s0000056.jpg,Forward,704,28.160,,p4,data/natural_driving/p4/剪辑好的视频/第一批/12.11 092128-094645/12月17日.mp4
images/p4_12.13_135310-141023_12_18_1_f000713_s0000288.jpg,,713,28.520,,p4,data/natural_driving/p4/剪辑好的视频/第一批/12.13 135310-141023/12月18日(1).mp4
images/p4_12.11_084828-091828_12_17_1_f000919_s0000032.jpg,Forward,919,36.760,,p4,data/natural_driving/p4/剪辑好的视频/第一批/12.11 084828-091828/12月17日(1).mp4
images/p4_12.12_100518-101118_12_17_f001059_s0000177.jpg,Forward,1059,42.360,,p4,data/natural_driving/p4/剪辑好的视频/第一批/12.12 100518-101118/12月17日.mp4
images/p4_12.12_100518-101118_12_17_f001194_s0000178.jpg,Forward,1194,47.760,,p4,data/natural_driving/p4/剪辑好的视频/第一批/12.12 100518-101118/12月17日.mp4
images/p4_12.13_135310-141023_12_18_1_f001286_s0000289.jpg,,1286,51.440,,p4,data/natural_driving/p4/剪辑好的视频/第一批/12.13 135310-141023/12月18日(1).mp4
images/p4_12.07_150508-153508_12_17_f001309_s0000000.jpg,In-Car,1309,52.360,,p4,data/natural_driving/p4/剪辑好的视频/第一批/12.07 150508-153508/12月17日.mp4
images/p4_12.12_161823-164523_12_17_1_f001383_s0000201.jpg,Forward,1383,55.320,,p4,data/natural_driving/p4/剪辑好的视频/第一批/12.12 161823-164523/12月17日(1).mp4
images/p4_12.11_140844-143544_12_17_1_f001713_s0000089.jpg,In-Car,1713,68.520,,p4,data/natural_driving/p4/剪辑好的视频/第一批/12.11 140844-143544/12月17日(1).mp4
images/p4_12.11_092128-094645_12_17_f001742_s0000057.jpg,Forward,1742,69.680,,p4,data/natural_driving/p4/剪辑好的视频/第一批/12.11 092128-094645/12月17日.mp4
images/p4_12.11_163909-170909_12_17_f001754_s0000120.jpg,In-Car,1754,70.160,,p4,data/natural_driving/p4/剪辑好的视频/第一批/12.11 163909-170909/12月17日.mp4
images/p4_12.07_150508-153508_12_17_f001768_s0000001.jpg,In-Car,1768,70.720,,p4,data/natural_driving/p4/剪辑好的视频/第一批/12.07 150508-153508/12月17日.mp4
images/p4_12.13_135310-141023_12_18_1_f002111_s0000290.jpg,,2111,84.440,,p4,data/natural_driving/p4/剪辑好的视频/第一批/12.13 135310-141023/12月18日(1).mp4
images/p4_12.12_100518-101118_12_17_f002231_s0000179.jpg,In-Car,2231,89.240,,p4,data/natural_driving/p4/剪辑好的视频/第一批/12.12 100518-101118/12月17日.mp4
images/p4_12.12_091525-094535_12_17_1_f002292_s0000145.jpg,Non-Forward,2292,91.680,,p4,data/natural_driving/p4/剪辑好的视频/第一批/12.12 091525-094535/12月17日(1).mp4
images/p4_12.12_100518-101118_12_17_f002376_s0000180.jpg,Forward,2376,95.040,,p4,data/natural_driving/p4/剪辑好的视频/第一批/12.12 100518-101118/12月17日.mp4
images/p4_12.11_092128-094645_12_17_f002490_s0000058.jpg,Forward,2490,99.600,,p4,data/natural_driving/p4/剪辑好的视频/第一批/12.11 092128-094645/12月17日.mp4
images/p4_12.13_135310-141023_12_18_1_f002649_s0000291.jpg,,2649,105.960,,p4,data/natural_driving/p4/剪辑好的视频/第一批/12.13 135310-141023/12月18日(1).mp4
images/p4_12.12_183257-195057_12_17_f002699_s0000232.jpg,In-Car,2699,107.960,,p4,data/natural_driving/p4/剪辑好的视频/第一批/12.12 183257-195057/12月17日.mp4
images/p4_12.12_091525-094535_12_17_1_f002732_s0000146.jpg,Forward,2732,109.280,,p4,data/natural_driving/p4/剪辑好的视频/第一批/12.12 091525-094535/12月17日(1).mp4
images/p4_12.12_100518-101118_12_17_f002941_s0000181.jpg,Forward,2941,117.640,,p4,data/natural_driving/p4/剪辑好的视频/第一批/12.12 100518-101118/12月17日.mp4
images/p4_12.12_234035-000435_12_18_f003022_s0000265.jpg,Non-Forward,3022,120.880,,p4,data/natural_driving/p4/剪辑好的视频/第一批/12.12 234035-000435/12月18日.mp4
images/p4_12.13_135310-141023_12_18_1_f003026_s0000292.jpg,,3026,121.040,,p4,data/natural_driving/p4/剪辑好的视频/第一批/12.13 135310-141023/12月18日(1).mp4
images/p4_12.07_150508-153508_12_17_f003131_s0000002.jpg,Forward,3131,125.240,,p4,data/natural_driving/p4/剪辑好的视频/第一批/12.07 150508-153508/12月17日.mp4
images/p4_12.11_084828-091828_12_17_1_f003201_s0000033.jpg,In-Car,3201,128.040,,p4,data/natural_driving/p4/剪辑好的视频/第一批/12.11 084828-091828/12月17日(1).mp4
images/p4_12.11_163909-170909_12_17_f003697_s0000121.jpg,Non-Forward,3697,147.880,,p4,data/natural_driving/p4/剪辑好的视频/第一批/12.11 163909-170909/12月17日.mp4
images/p4_12.11_140844-143544_12_17_1_f003704_s0000090.jpg,Forward,3704,148.160,,p4,data/natural_driving/p4/剪辑好的视频/第一批/12.11 140844-143544/12月17日(1).mp4
images/p4_12.13_135310-141023_12_18_1_f003779_s0000293.jpg,,3779,151.160,,p4,data/natural_driving/p4/剪辑好的视频/第一批/12.13 135310-141023/12月18日(1).mp4
images/p4_12.12_100518-101118_12_17_f003858_s0000182.jpg,Forward,3858,154.320,,p4,data/natural_driving/p4/剪辑好的视频/第一批/12.12 100518-101118/12月17日.mp4
images/p4_12.12_161823-164523_12_17_1_f003884_s0000202.jpg,Forward,3884,155.360,,p4,data/natural_driving/p4/剪辑好的视频/第一批/12.12 161823-164523/12月17日(1).mp4
images/p4_12.12_100518-101118_12_17_f004103_s0000183.jpg,In-Car,4103,164.120,,p4,data/natural_driving/p4/剪辑好的视频/第一批/12.12 100518-101118/12月17日.mp4
images/p4_12.12_234035-000435_12_18_f004481_s0000266.jpg,In-Car,4481,179.240,,p4,data/natural_driving/p4/剪辑好的视频/第一批/12.12 234035-000435/12月18日.mp4
images/p4_12.11_092128-094645_12_17_f004543_s0000059.jpg,In-Car,4543,181.720,,p4,data/natural_driving/p4/剪辑好的视频/第一批/12.11 092128-094645/12月17日.mp4
images/p4_12.11_084828-091828_12_17_1_f004559_s0000034.jpg,Forward,4559,182.360,,p4,data/natural_driving/p4/剪辑好的视频/第一批/12.11 084828-091828/12月17日(1).mp4
images/p4_12.13_135310-141023_12_18_1_f004605_s0000294.jpg,,4605,184.200,,p4,data/natural_driving/p4/剪辑好的视频/第一批/12.13 135310-141023/12月18日(1).mp4
images/p4_12.12_091525-094535_12_17_1_f004628_s0000147.jpg,Forward,4628,185.120,,p4,data/natural_driving/p4/剪辑好的视频/第一批/12.12 091525-094535/12月17日(1).mp4
images/p4_12.12_100518-101118_12_17_f004767_s0000184.jpg,Forward,4767,190.680,,p4,data/natural_driving/p4/剪辑好的视频/第一批/12.12 100518-101118/12月17日.mp4
images/p4_12.12_183257-195057_12_17_f004858_s0000233.jpg,Non-Forward,4858,194.320,,p4,data/natural_driving/p4/剪辑好的视频/第一批/12.12 183257-195057/12月17日.mp4
images/p4_12.11_140844-143544_12_17_1_f004914_s0000091.jpg,Forward,4914,196.560,,p4,data/natural_driving/p4/剪辑好的视频/第一批/12.11 140844-143544/12月17日(1).mp4
images/p4_12.12_234035-000435_12_18_f005091_s0000267.jpg,Forward,5091,203.640,,p4,data/natural_driving/p4/剪辑好的视频/第一批/12.12 234035-000435/12月18日.mp4
images/p4_12.12_161823-164523_12_17_1_f005154_s0000203.jpg,Non-Forward,5154,206.160,,p4,data/natural_driving/p4/剪辑好的视频/第一批/12.12 161823-164523/12月17日(1).mp4
images/p4_12.13_135310-141023_12_18_1_f005241_s0000295.jpg,,5241,209.640,,p4,data/natural_driving/p4/剪辑好的视频/第一批/12.13 135310-141023/12月18日(1).mp4
images/p4_12.12_100518-101118_12_17_f005598_s0000185.jpg,Forward,5598,223.920,,p4,data/natural_driving/p4/剪辑好的视频/第一批/12.12 100518-101118/12月17日.mp4
images/p4_12.11_163909-170909_12_17_f005606_s0000122.jpg,In-Car,5606,224.240,,p4,data/natural_driving/p4/剪辑好的视频/第一批/12.11 163909-170909/12月17日.mp4
images/p4_12.13_135310-141023_12_18_1_f005795_s0000296.jpg,,5795,231.800,,p4,data/natural_driving/p4/剪辑好的视频/第一批/12.13 135310-141023/12月18日(1).mp4
images/p4_12.12_161823-164523_12_17_1_f005831_s0000204.jpg,Forward,5831,233.240,,p4,data/natural_driving/p4/剪辑好的视频/第一批/12.12 161823-164523/12月17日(1).mp4
images/p4_12.11_092128-094645_12_17_f005902_s0000060.jpg,Forward,5902,236.080,,p4,data/natural_driving/p4/剪辑好的视频/第一批/12.11 092128-094645/12月17日.mp4
images/p4_12.12_100518-101118_12_17_f006053_s0000186.jpg,Forward,6053,242.120,,p4,data/natural_driving/p4/剪辑好的视频/第一批/12.12 100518-101118/12月17日.mp4
images/p4_12.11_140844-143544_12_17_1_f006068_s0000092.jpg,Forward,6068,242.720,,p4,data/natural_driving/p4/剪辑好的视频/第一批/12.11 140844-143544/12月17日(1).mp4
images/p4_12.07_150508-153508_12_17_f006138_s0000003.jpg,In-Car,6138,245.520,,p4,data/natural_driving/p4/剪辑好的视频/第一批/12.07 150508-153508/12月17日.mp4
images/p4_12.11_092128-094645_12_17_f006260_s0000061.jpg,In-Car,6260,250.400,,p4,data/natural_driving/p4/剪辑好的视频/第一批/12.11 092128-094645/12月17日.mp4
images/p4_12.12_100518-101118_12_17_f006398_s0000187.jpg,Forward,6398,255.920,,p4,data/natural_driving/p4/剪辑好的视频/第一批/12.12 100518-101118/12月17日.mp4
images/p4_12.12_091525-094535_12_17_1_f006477_s0000148.jpg,Forward,6477,259.080,,p4,data/natural_driving/p4/剪辑好的视频/第一批/12.12 091525-094535/12月17日(1).mp4
images/p4_12.07_150508-153508_12_17_f006723_s0000004.jpg,In-Car,6723,268.920,,p4,data/natural_driving/p4/剪辑好的视频/第一批/12.07 150508-153508/12月17日.mp4
images/p4_12.12_234035-000435_12_18_f006939_s0000268.jpg,Forward,6939,277.560,,p4,data/natural_driving/p4/剪辑好的视频/第一批/12.12 234035-000435/12月18日.mp4
images/p4_12.13_135310-141023_12_18_1_f007046_s0000297.jpg,,7046,281.840,,p4,data/natural_driving/p4/剪辑好的视频/第一批/12.13 135310-141023/12月18日(1).mp4
images/p4_12.11_163909-170909_12_17_f007084_s0000123.jpg,In-Car,7084,283.360,,p4,data/natural_driving/p4/剪辑好的视频/第一批/12.11 163909-170909/12月17日.mp4
images/p4_12.12_091525-094535_12_17_1_f007180_s0000149.jpg,In-Car,7180,287.200,,p4,data/natural_driving/p4/剪辑好的视频/第一批/12.12 091525-094535/12月17日(1).mp4
images/p4_12.12_100518-101118_12_17_f007296_s0000188.jpg,Forward,7296,291.840,,p4,data/natural_driving/p4/剪辑好的视频/第一批/12.12 100518-101118/12月17日.mp4
images/p4_12.12_100518-101118_12_17_f007511_s0000189.jpg,Forward,7511,300.440,,p4,data/natural_driving/p4/剪辑好的视频/第一批/12.12 100518-101118/12月17日.mp4
images/p4_12.12_183257-195057_12_17_f007637_s0000234.jpg,In-Car,7637,305.480,,p4,data/natural_driving/p4/剪辑好的视频/第一批/12.12 183257-195057/12月17日.mp4
images/p4_12.11_084828-091828_12_17_1_f007642_s0000035.jpg,In-Car,7642,305.680,,p4,data/natural_driving/p4/剪辑好的视频/第一批/12.11 084828-091828/12月17日(1).mp4
images/p4_12.13_135310-141023_12_18_1_f007725_s0000298.jpg,,7725,309.000,,p4,data/natural_driving/p4/剪辑好的视频/第一批/12.13 135310-141023/12月18日(1).mp4
images/p4_12.12_161823-164523_12_17_1_f007905_s0000205.jpg,In-Car,7905,316.200,,p4,data/natural_driving/p4/剪辑好的视频/第一批/12.12 161823-164523/12月17日(1).mp4
images/p4_12.13_135310-141023_12_18_1_f007949_s0000299.jpg,,7949,317.960,,p4,data/natural_driving/p4/剪辑好的视频/第一批/12.13 135310-141023/12月18日(1).mp4
images/p4_12.11_092128-094645_12_17_f007981_s0000062.jpg,Non-Forward,7981,319.240,,p4,data/natural_driving/p4/剪辑好的视频/第一批/12.11 092128-094645/12月17日.mp4
images/p4_12.12_100518-101118_12_17_f008187_s0000190.jpg,Forward,8187,327.480,,p4,data/natural_driving/p4/剪辑好的视频/第一批/12.12 100518-101118/12月17日.mp4
images/p4_12.07_150508-153508_12_17_f008201_s0000005.jpg,In-Car,8201,328.040,,p4,data/natural_driving/p4/剪辑好的视频/第一批/12.07 150508-153508/12月17日.mp4
images/p4_12.11_140844-143544_12_17_1_f008205_s0000093.jpg,Forward,8205,328.200,,p4,data/natural_driving/p4/剪辑好的视频/第一批/12.11 140844-143544/12月17日(1).mp4
images/p4_12.12_161823-164523_12_17_1_f008491_s0000206.jpg,Non-Forward,8491,339.640,,p4,data/natural_driving/p4/剪辑好的视频/第一批/12.12 161823-164523/12月17日(1).mp4
images/p4_12.11_092128-094645_12_17_f008568_s0000063.jpg,Non-Forward,8568,342.720,,p4,data/natural_driving/p4/剪辑好的视频/第一批/12.11 092128-094645/12月17日.mp4
images/p4_12.11_163909-170909_12_17_f008814_s0000124.jpg,Forward,8814,352.560,,p4,data/natural_driving/p4/剪辑好的视频/第一批/12.11 163909-170909/12月17日.mp4
images/p4_12.12_100518-101118_12_17_f008838_s0000191.jpg,Forward,8838,353.520,,p4,data/natural_driving/p4/剪辑好的视频/第一批/12.12 100518-101118/12月17日.mp4
images/p4_12.13_135310-141023_12_18_1_f008925_s0000300.jpg,,8925,357.000,,p4,data/natural_driving/p4/剪辑好的视频/第一批/12.13 135310-141023/12月18日(1).mp4
images/p4_12.12_091525-094535_12_17_1_f009217_s0000150.jpg,Forward,9217,368.680,,p4,data/natural_driving/p4/剪辑好的视频/第一批/12.12 091525-094535/12月17日(1).mp4
images/p4_12.12_100518-101118_12_17_f009374_s0000192.jpg,In-Car,9374,374.960,,p4,data/natural_driving/p4/剪辑好的视频/第一批/12.12 100518-101118/12月17日.mp4
images/p4_12.13_135310-141023_12_18_1_f009379_s0000301.jpg,,9379,375.160,,p4,data/natural_driving/p4/剪辑好的视频/第一批/12.13 135310-141023/12月18日(1).mp4
images/p4_12.12_161823-164523_12_17_1_f009394_s0000207.jpg,Forward,9394,375.760,,p4,data/natural_driving/p4/剪辑好的视频/第一批/12.12 161823-164523/12月17日(1).mp4
images/p4_12.11_140844-143544_12_17_1_f009414_s0000094.jpg,Forward,9414,376.560,,p4,data/natural_driving/p4/剪辑好的视频/第一批/12.11 140844-143544/12月17日(1).mp4
images/p4_12.07_150508-153508_12_17_f009697_s0000006.jpg,Forward,9697,387.880,,p4,data/natural_driving/p4/剪辑好的视频/第一批/12.07 150508-153508/12月17日.mp4
images/p4_12.12_091525-094535_12_17_1_f009758_s0000151.jpg,Forward,9758,390.320,,p4,data/natural_driving/p4/剪辑好的视频/第一批/12.12 091525-094535/12月17日(1).mp4
images/p4_12.11_084828-091828_12_17_1_f009760_s0000036.jpg,In-Car,9760,390.400,,p4,data/natural_driving/p4/剪辑好的视频/第一批/12.11 084828-091828/12月17日(1).mp4
images/p4_12.12_234035-000435_12_18_f009978_s0000269.jpg,Forward,9978,399.120,,p4,data/natural_driving/p4/剪辑好的视频/第一批/12.12 234035-000435/12月18日.mp4
images/p4_12.11_084828-091828_12_17_1_f009988_s0000037.jpg,Forward,9988,399.520,,p4,data/natural_driving/p4/剪辑好的视频/第一批/12.11 084828-091828/12月17日(1).mp4
images/p4_12.12_100518-101118_12_17_f010002_s0000193.jpg,Non-Forward,10002,400.080,,p4,data/natural_driving/p4/剪辑好的视频/第一批/12.12 100518-101118/12月17日.mp4
images/p4_12.13_135310-141023_12_18_1_f010089_s0000302.jpg,,10089,403.560,,p4,data/natural_driving/p4/剪辑好的视频/第一批/12.13 135310-141023/12月18日(1).mp4
images/p4_12.11_140844-143544_12_17_1_f010102_s0000095.jpg,Forward,10102,404.080,,p4,data/natural_driving/p4/剪辑好的视频/第一批/12.11 140844-143544/12月17日(1).mp4
images/p4_12.12_234035-000435_12_18_f010606_s0000270.jpg,Forward,10606,424.240,,p4,data/natural_driving/p4/剪辑好的视频/第一批/12.12 234035-000435/12月18日.mp4
images/p4_12.12_100518-101118_12_17_f010645_s0000194.jpg,In-Car,10645,425.800,,p4,data/natural_driving/p4/剪辑好的视频/第一批/12.12 100518-101118/12月17日.mp4
images/p4_12.11_092128-094645_12_17_f010738_s0000064.jpg,In-Car,10738,429.520,,p4,data/natural_driving/p4/剪辑好的视频/第一批/12.11 092128-094645/12月17日.mp4
images/p4_12.12_161823-164523_12_17_1_f010865_s0000208.jpg,Forward,10865,434.600,,p4,data/natural_driving/p4/剪辑好的视频/第一批/12.12 161823-164523/12月17日(1).mp4
images/p4_12.12_183257-195057_12_17_f011013_s0000235.jpg,Non-Forward,11013,440.520,,p4,data/natural_driving/p4/剪辑好的视频/第一批/12.12 183257-195057/12月17日.mp4
images/p4_12.07_150508-153508_12_17_f011065_s0000007.jpg,Forward,11065,442.600,,p4,data/natural_driving/p4/剪辑好的视频/第一批/12.07 150508-153508/12月17日.mp4
images/p4_12.12_100518-101118_12_17_f011140_s0000195.jpg,In-Car,11140,445.600,,p4,data/natural_driving/p4/剪辑好的视频/第一批/12.12 100518-101118/12月17日.mp4
images/p4_12.13_135310-141023_12_18_1_f011353_s0000303.jpg,,11353,454.120,,p4,data/natural_driving/p4/剪辑好的视频/第一批/12.13 135310-141023/12月18日(1).mp4
images/p4_12.12_100518-101118_12_17_f011363_s0000196.jpg,Non-Forward,11363,454.520,,p4,data/natural_driving/p4/剪辑好的视频/第一批/12.12 100518-101118/12月17日.mp4
images/p4_12.11_092128-094645_12_17_f011409_s0000065.jpg,In-Car,11409,456.360,,p4,data/natural_driving/p4/剪辑好的视频/第一批/12.11 092128-094645/12月17日.mp4
images/p4_12.11_140844-143544_12_17_1_f011696_s0000096.jpg,Forward,11696,467.840,,p4,data/natural_driving/p4/剪辑好的视频/第一批/12.11 140844-143544/12月17日(1).mp4
images/p4_12.13_135310-141023_12_18_1_f011960_s0000304.jpg,,11960,478.400,,p4,data/natural_driving/p4/剪辑好的视频/第一批/12.13 135310-141023/12月18日(1).mp4
images/p4_12.12_100518-101118_12_17_f012055_s0000197.jpg,Forward,12055,482.200,,p4,data/natural_driving/p4/剪辑好的视频/第一批/12.12 100518-101118/12月17日.mp4
images/p4_12.12_234035-000435_12_18_f012149_s0000271.jpg,Forward,12149,485.960,,p4,data/natural_driving/p4/剪辑好的视频/第一批/12.12 234035-000435/12月18日.mp4
images/p4_12.12_091525-094535_12_17_1_f012184_s0000152.jpg,In-Car,12184,487.360,,p4,data/natural_driving/p4/剪辑好的视频/第一批/12.12 091525-094535/12月17日(1).mp4
images/p4_12.11_163909-170909_12_17_f012331_s0000125.jpg,In-Car,12331,493.240,,p4,data/natural_driving/p4/剪辑好的视频/第一批/12.11 163909-170909/12月17日.mp4
images/p4_12.11_140844-143544_12_17_1_f012525_s0000097.jpg,Forward,12525,501.000,,p4,data/natural_driving/p4/剪辑好的视频/第一批/12.11 140844-143544/12月17日(1).mp4
images/p4_12.12_100518-101118_12_17_f012594_s0000198.jpg,,12594,503.760,,p4,data/natural_driving/p4/剪辑好的视频/第一批/12.12 100518-101118/12月17日.mp4
images/p4_12.13_135310-141023_12_18_1_f012703_s0000305.jpg,,12703,508.120,,p4,data/natural_driving/p4/剪辑好的视频/第一批/12.13 135310-141023/12月18日(1).mp4
images/p4_12.11_163909-170909_12_17_f012744_s0000126.jpg,Forward,12744,509.760,,p4,data/natural_driving/p4/剪辑好的视频/第一批/12.11 163909-170909/12月17日.mp4
images/p4_12.11_092128-094645_12_17_f012750_s0000066.jpg,In-Car,12750,510.000,,p4,data/natural_driving/p4/剪辑好的视频/第一批/12.11 092128-094645/12月17日.mp4
images/p4_12.12_091525-094535_12_17_1_f012878_s0000153.jpg,Forward,12878,515.120,,p4,data/natural_driving/p4/剪辑好的视频/第一批/12.12 091525-094535/12月17日(1).mp4
images/p4_12.12_100518-101118_12_17_f012991_s0000199.jpg,,12991,519.640,,p4,data/natural_driving/p4/剪辑好的视频/第一批/12.12 100518-101118/12月17日.mp4
images/p4_12.12_161823-164523_12_17_1_f013352_s0000209.jpg,Forward,13352,534.080,,p4,data/natural_driving/p4/剪辑好的视频/第一批/12.12 161823-164523/12月17日(1).mp4
images/p4_12.13_135310-141023_12_18_1_f013449_s0000306.jpg,,13449,537.960,,p4,data/natural_driving/p4/剪辑好的视频/第一批/12.13 135310-141023/12月18日(1).mp4
images/p4_12.12_161823-164523_12_17_1_f013520_s0000210.jpg,In-Car,13520,540.800,,p4,data/natural_driving/p4/剪辑好的视频/第一批/12.12 161823-164523/12月17日(1).mp4
images/p4_12.11_084828-091828_12_17_1_f013524_s0000038.jpg,Forward,13524,540.960,,p4,data/natural_driving/p4/剪辑好的视频/第一批/12.11 084828-091828/12月17日(1).mp4
images/p4_12.13_135310-141023_12_18_1_f013784_s0000307.jpg,,13784,551.360,,p4,data/natural_driving/p4/剪辑好的视频/第一批/12.13 135310-141023/12月18日(1).mp4
images/p4_12.07_150508-153508_12_17_f013828_s0000008.jpg,Forward,13828,553.120,,p4,data/natural_driving/p4/剪辑好的视频/第一批/12.07 150508-153508/12月17日.mp4
images/p4_12.12_183257-195057_12_17_f014055_s0000236.jpg,Forward,14055,562.200,,p4,data/natural_driving/p4/剪辑好的视频/第一批/12.12 183257-195057/12月17日.mp4
images/p4_12.07_150508-153508_12_17_f014069_s0000009.jpg,In-Car,14069,562.760,,p4,data/natural_driving/p4/剪辑好的视频/第一批/12.07 150508-153508/12月17日.mp4
images/p4_12.11_140844-143544_12_17_1_f014259_s0000098.jpg,Forward,14259,570.360,,p4,data/natural_driving/p4/剪辑好的视频/第一批/12.11 140844-143544/12月17日(1).mp4
images/p4_12.12_234035-000435_12_18_f014328_s0000272.jpg,Forward,14328,573.120,,p4,data/natural_driving/p4/剪辑好的视频/第一批/12.12 234035-000435/12月18日.mp4
images/p4_12.11_092128-094645_12_17_f014393_s0000067.jpg,Non-Forward,14393,575.720,,p4,data/natural_driving/p4/剪辑好的视频/第一批/12.11 092128-094645/12月17日.mp4
images/p4_12.13_135310-141023_12_18_1_f014398_s0000308.jpg,,14398,575.920,,p4,data/natural_driving/p4/剪辑好的视频/第一批/12.13 135310-141023/12月18日(1).mp4
images/p4_12.11_163909-170909_12_17_f014626_s0000127.jpg,Forward,14626,585.040,,p4,data/natural_driving/p4/剪辑好的视频/第一批/12.11 163909-170909/12月17日.mp4
images/p4_12.11_092128-094645_12_17_f014805_s0000068.jpg,Forward,14805,592.200,,p4,data/natural_driving/p4/剪辑好的视频/第一批/12.11 092128-094645/12月17日.mp4
images/p4_12.12_091525-094535_12_17_1_f014938_s0000154.jpg,In-Car,14938,597.520,,p4,data/natural_driving/p4/剪辑好的视频/第一批/12.12 091525-094535/12月17日(1).mp4
images/p4_12.12_161823-164523_12_17_1_f015208_s0000211.jpg,In-Car,15208,608.320,,p4,data/natural_driving/p4/剪辑好的视频/第一批/12.12 161823-164523/12月17日(1).mp4
images/p4_12.11_140844-143544_12_17_1_f015234_s0000099.jpg,Forward,15234,609.360,,p4,data/natural_driving/p4/剪辑好的视频/第一批/12.11 140844-143544/12月17日(1).mp4
images/p4_12.13_135310-141023_12_18_1_f015577_s0000309.jpg,,15577,623.080,,p4,data/natural_driving/p4/剪辑好的视频/第一批/12.13 135310-141023/12月18日(1).mp4
images/p4_12.11_084828-091828_12_17_1_f015615_s0000039.jpg,Forward,15615,624.600,,p4,data/natural_driving/p4/剪辑好的视频/第一批/12.11 084828-091828/12月17日(1).mp4
images/p4_12.11_092128-094645_12_17_f015755_s0000069.jpg,Forward,15755,630.200,,p4,data/natural_driving/p4/剪辑好的视频/第一批/12.11 092128-094645/12月17日.mp4
images/p4_12.13_135310-141023_12_18_1_f015856_s0000310.jpg,,15856,634.240,,p4,data/natural_driving/p4/剪辑好的视频/第一批/12.13 135310-141023/12月18日(1).mp4
images/p4_12.12_091525-094535_12_17_1_f016032_s0000155.jpg,Forward,16032,641.280,,p4,data/natural_driving/p4/剪辑好的视频/第一批/12.12 091525-094535/12月17日(1).mp4
images/p4_12.12_234035-000435_12_18_f016177_s0000273.jpg,Forward,16177,647.080,,p4,data/natural_driving/p4/剪辑好的视频/第一批/12.12 234035-000435/12月18日.mp4
images/p4_12.12_161823-164523_12_17_1_f016218_s0000212.jpg,Forward,16218,648.720,,p4,data/natural_driving/p4/剪辑好的视频/第一批/12.12 161823-164523/12月17日(1).mp4
images/p4_12.11_084828-091828_12_17_1_f016286_s0000040.jpg,Forward,16286,651.440,,p4,data/natural_driving/p4/剪辑好的视频/第一批/12.11 084828-091828/12月17日(1).mp4
images/p4_12.13_135310-141023_12_18_1_f016681_s0000311.jpg,,16681,667.240,,p4,data/natural_driving/p4/剪辑好的视频/第一批/12.13 135310-141023/12月18日(1).mp4
images/p4_12.07_150508-153508_12_17_f016785_s0000010.jpg,Forward,16785,671.400,,p4,data/natural_driving/p4/剪辑好的视频/第一批/12.07 150508-153508/12月17日.mp4
images/p4_12.11_092128-094645_12_17_f016907_s0000070.jpg,In-Car,16907,676.280,,p4,data/natural_driving/p4/剪辑好的视频/第一批/12.11 092128-094645/12月17日.mp4
images/p4_12.11_163909-170909_12_17_f016945_s0000128.jpg,In-Car,16945,677.800,,p4,data/natural_driving/p4/剪辑好的视频/第一批/12.11 163909-170909/12月17日.mp4
images/p4_12.11_140844-143544_12_17_1_f017194_s0000100.jpg,Forward,17194,687.760,,p4,data/natural_driving/p4/剪辑好的视频/第一批/12.11 140844-143544/12月17日(1).mp4
images/p4_12.13_135310-141023_12_18_1_f017278_s0000312.jpg,,17278,691.120,,p4,data/natural_driving/p4/剪辑好的视频/第一批/12.13 135310-141023/12月18日(1).mp4
images/p4_12.12_183257-195057_12_17_f017377_s0000237.jpg,Forward,17377,695.080,,p4,data/natural_driving/p4/剪辑好的视频/第一批/12.12 183257-195057/12月17日.mp4
images/p4_12.12_161823-164523_12_17_1_f017484_s0000213.jpg,Forward,17484,699.360,,p4,data/natural_driving/p4/剪辑好的视频/第一批/12.12 161823-164523/12月17日(1).mp4
images/p4_12.12_091525-094535_12_17_1_f017603_s0000156.jpg,Forward,17603,704.120,,p4,data/natural_driving/p4/剪辑好的视频/第一批/12.12 091525-094535/12月17日(1).mp4
images/p4_12.12_234035-000435_12_18_f017855_s0000274.jpg,Forward,17855,714.200,,p4,data/natural_driving/p4/剪辑好的视频/第一批/12.12 234035-000435/12月18日.mp4
images/p4_12.12_091525-094535_12_17_1_f018126_s0000157.jpg,Forward,18126,725.040,,p4,data/natural_driving/p4/剪辑好的视频/第一批/12.12 091525-094535/12月17日(1).mp4
images/p4_12.07_150508-153508_12_17_f018456_s0000011.jpg,Forward,18456,738.240,,p4,data/natural_driving/p4/剪辑好的视频/第一批/12.07 150508-153508/12月17日.mp4
images/p4_12.11_092128-094645_12_17_f018481_s0000071.jpg,Forward,18481,739.240,,p4,data/natural_driving/p4/剪辑好的视频/第一批/12.11 092128-094645/12月17日.mp4
images/p4_12.13_135310-141023_12_18_1_f018534_s0000313.jpg,,18534,741.360,,p4,data/natural_driving/p4/剪辑好的视频/第一批/12.13 135310-141023/12月18日(1).mp4
images/p4_12.13_135310-141023_12_18_1_f018711_s0000314.jpg,,18711,748.440,,p4,data/natural_driving/p4/剪辑好的视频/第一批/12.13 135310-141023/12月18日(1).mp4
images/p4_12.11_140844-143544_12_17_1_f018748_s0000101.jpg,Non-Forward,18748,749.920,,p4,data/natural_driving/p4/剪辑好的视频/第一批/12.11 140844-143544/12月17日(1).mp4
images/p4_12.12_234035-000435_12_18_f018994_s0000275.jpg,Non-Forward,18994,759.760,,p4,data/natural_driving/p4/剪辑好的视频/第一批/12.12 234035-000435/12月18日.mp4
images/p4_12.11_163909-170909_12_17_f019184_s0000129.jpg,Forward,19184,767.360,,p4,data/natural_driving/p4/剪辑好的视频/第一批/12.11 163909-170909/12月17日.mp4
images/p4_12.11_084828-091828_12_17_1_f019384_s0000041.jpg,Forward,19384,775.360,,p4,data/natural_driving/p4/剪辑好的视频/第一批/12.11 084828-091828/12月17日(1).mp4
images/p4_12.12_091525-094535_12_17_1_f019395_s0000158.jpg,Forward,19395,775.800,,p4,data/natural_driving/p4/剪辑好的视频/第一批/12.12 091525-094535/12月17日(1).mp4
images/p4_12.12_161823-164523_12_17_1_f019436_s0000214.jpg,In-Car,19436,777.440,,p4,data/natural_driving/p4/剪辑好的视频/第一批/12.12 161823-164523/12月17日(1).mp4
images/p4_12.07_150508-153508_12_17_f019596_s0000012.jpg,Forward,19596,783.840,,p4,data/natural_driving/p4/剪辑好的视频/第一批/12.07 150508-153508/12月17日.mp4
images/p4_12.11_092128-094645_12_17_f019808_s0000072.jpg,Forward,19808,792.320,,p4,data/natural_driving/p4/剪辑好的视频/第一批/12.11 092128-094645/12月17日.mp4
images/p4_12.11_140844-143544_12_17_1_f019854_s0000102.jpg,Non-Forward,19854,794.160,,p4,data/natural_driving/p4/剪辑好的视频/第一批/12.11 140844-143544/12月17日(1).mp4
images/p4_12.13_135310-141023_12_18_1_f020050_s0000315.jpg,,20050,802.000,,p4,data/natural_driving/p4/剪辑好的视频/第一批/12.13 135310-141023/12月18日(1).mp4
images/p4_12.07_150508-153508_12_17_f020198_s0000013.jpg,In-Car,20198,807.920,,p4,data/natural_driving/p4/剪辑好的视频/第一批/12.07 150508-153508/12月17日.mp4
images/p4_12.12_161823-164523_12_17_1_f020245_s0000215.jpg,Non-Forward,20245,809.800,,p4,data/natural_driving/p4/剪辑好的视频/第一批/12.12 161823-164523/12月17日(1).mp4
images/p4_12.13_135310-141023_12_18_1_f020316_s0000316.jpg,,20316,812.640,,p4,data/natural_driving/p4/剪辑好的视频/第一批/12.13 135310-141023/12月18日(1).mp4
images/p4_12.11_092128-094645_12_17_f020580_s0000073.jpg,In-Car,20580,823.200,,p4,data/natural_driving/p4/剪辑好的视频/第一批/12.11 092128-094645/12月17日.mp4
images/p4_12.11_084828-091828_12_17_1_f020815_s0000042.jpg,Forward,20815,832.600,,p4,data/natural_driving/p4/剪辑好的视频/第一批/12.11 084828-091828/12月17日(1).mp4
images/p4_12.11_140844-143544_12_17_1_f020820_s0000103.jpg,Forward,20820,832.800,,p4,data/natural_driving/p4/剪辑好的视频/第一批/12.11 140844-143544/12月17日(1).mp4
images/p4_12.12_234035-000435_12_18_f021065_s0000276.jpg,In-Car,21065,842.600,,p4,data/natural_driving/p4/剪辑好的视频/第一批/12.12 234035-000435/12月18日.mp4
images/p4_12.13_135310-141023_12_18_1_f021206_s0000317.jpg,,21206,848.240,,p4,data/natural_driving/p4/剪辑好的视频/第一批/12.13 135310-141023/12月18日(1).mp4
images/p4_12.12_091525-094535_12_17_1_f021210_s0000159.jpg,Non-Forward,21210,848.400,,p4,data/natural_driving/p4/剪辑好的视频/第一批/12.12 091525-094535/12月17日(1).mp4
images/p4_12.11_163909-170909_12_17_f021275_s0000130.jpg,Non-Forward,21275,851.000,,p4,data/natural_driving/p4/剪辑好的视频/第一批/12.11 163909-170909/12月17日.mp4
images/p4_12.12_183257-195057_12_17_f021544_s0000238.jpg,Forward,21544,861.760,,p4,data/natural_driving/p4/剪辑好的视频/第一批/12.12 183257-195057/12月17日.mp4
images/p4_12.13_135310-141023_12_18_1_f021632_s0000318.jpg,,21632,865.280,,p4,data/natural_driving/p4/剪辑好的视频/第一批/12.13 135310-141023/12月18日(1).mp4
images/p4_12.12_183257-195057_12_17_f021872_s0000239.jpg,Non-Forward,21872,874.880,,p4,data/natural_driving/p4/剪辑好的视频/第一批/12.12 183257-195057/12月17日.mp4
images/p4_12.12_234035-000435_12_18_f022051_s0000277.jpg,Forward,22051,882.040,,p4,data/natural_driving/p4/剪辑好的视频/第一批/12.12 234035-000435/12月18日.mp4
images/p4_12.11_092128-094645_12_17_f022094_s0000074.jpg,Forward,22094,883.760,,p4,data/natural_driving/p4/剪辑好的视频/第一批/12.11 092128-094645/12月17日.mp4
images/p4_12.12_091525-094535_12_17_1_f022138_s0000160.jpg,In-Car,22138,885.520,,p4,data/natural_driving/p4/剪辑好的视频/第一批/12.12 091525-094535/12月17日(1).mp4
images/p4_12.12_161823-164523_12_17_1_f022492_s0000216.jpg,Forward,22492,899.680,,p4,data/natural_driving/p4/剪辑好的视频/第一批/12.12 161823-164523/12月17日(1).mp4
images/p4_12.11_140844-143544_12_17_1_f022496_s0000104.jpg,In-Car,22496,899.840,,p4,data/natural_driving/p4/剪辑好的视频/第一批/12.11 140844-143544/12月17日(1).mp4
images/p4_12.11_084828-091828_12_17_1_f022641_s0000043.jpg,Forward,22641,905.640,,p4,data/natural_driving/p4/剪辑好的视频/第一批/12.11 084828-091828/12月17日(1).mp4
images/p4_12.07_150508-153508_12_17_f022769_s0000014.jpg,In-Car,22769,910.760,,p4,data/natural_driving/p4/剪辑好的视频/第一批/12.07 150508-153508/12月17日.mp4
images/p4_12.13_135310-141023_12_18_1_f022810_s0000319.jpg,,22810,912.400,,p4,data/natural_driving/p4/剪辑好的视频/第一批/12.13 135310-141023/12月18日(1).mp4
images/p4_12.11_092128-094645_12_17_f023025_s0000075.jpg,Forward,23025,921.000,,p4,data/natural_driving/p4/剪辑好的视频/第一批/12.11 092128-094645/12月17日.mp4
images/p4_12.12_161823-164523_12_17_1_f023267_s0000217.jpg,Forward,23267,930.680,,p4,data/natural_driving/p4/剪辑好的视频/第一批/12.12 161823-164523/12月17日(1).mp4
images/p4_12.12_234035-000435_12_18_f023955_s0000278.jpg,Forward,23955,958.200,,p4,data/natural_driving/p4/剪辑好的视频/第一批/12.12 234035-000435/12月18日.mp4
images/p4_12.07_150508-153508_12_17_f023964_s0000015.jpg,In-Car,23964,958.560,,p4,data/natural_driving/p4/剪辑好的视频/第一批/12.07 150508-153508/12月17日.mp4
images/p4_12.12_091525-094535_12_17_1_f024275_s0000161.jpg,Forward,24275,971.000,,p4,data/natural_driving/p4/剪辑好的视频/第一批/12.12 091525-094535/12月17日(1).mp4
images/p4_12.11_163909-170909_12_17_f024411_s0000131.jpg,Forward,24411,976.440,,p4,data/natural_driving/p4/剪辑好的视频/第一批/12.11 163909-170909/12月17日.mp4
images/p4_12.11_084828-091828_12_17_1_f024509_s0000044.jpg,In-Car,24509,980.360,,p4,data/natural_driving/p4/剪辑好的视频/第一批/12.11 084828-091828/12月17日(1).mp4
images/p4_12.11_140844-143544_12_17_1_f024604_s0000105.jpg,Forward,24604,984.160,,p4,data/natural_driving/p4/剪辑好的视频/第一批/12.11 140844-143544/12月17日(1).mp4
images/p4_12.12_161823-164523_12_17_1_f024690_s0000218.jpg,Forward,24690,987.600,,p4,data/natural_driving/p4/剪辑好的视频/第一批/12.12 161823-164523/12月17日(1).mp4
images/p4_12.07_150508-153508_12_17_f024705_s0000016.jpg,Non-Forward,24705,988.200,,p4,data/natural_driving/p4/剪辑好的视频/第一批/12.07 150508-153508/12月17日.mp4
images/p4_12.11_092128-094645_12_17_f024798_s0000076.jpg,In-Car,24798,991.920,,p4,data/natural_driving/p4/剪辑好的视频/第一批/12.11 092128-094645/12月17日.mp4
images/p4_12.11_163909-170909_12_17_f025004_s0000132.jpg,In-Car,25004,1000.160,,p4,data/natural_driving/p4/剪辑好的视频/第一批/12.11 163909-170909/12月17日.mp4
images/p4_12.11_140844-143544_12_17_1_f025466_s0000106.jpg,Forward,25466,1018.640,,p4,data/natural_driving/p4/剪辑好的视频/第一批/12.11 140844-143544/12月17日(1).mp4
images/p4_12.12_091525-094535_12_17_1_f025620_s0000162.jpg,Forward,25620,1024.800,,p4,data/natural_driving/p4/剪辑好的视频/第一批/12.12 091525-094535/12月17日(1).mp4
images/p4_12.11_092128-094645_12_17_f025790_s0000077.jpg,Forward,25790,1031.600,,p4,data/natural_driving/p4/剪辑好的视频/第一批/12.11 092128-094645/12月17日.mp4
images/p4_12.12_091525-094535_12_17_1_f025898_s0000163.jpg,Forward,25898,1035.920,,p4,data/natural_driving/p4/剪辑好的视频/第一批/12.12 091525-094535/12月17日(1).mp4
images/p4_12.12_234035-000435_12_18_f026081_s0000279.jpg,Forward,26081,1043.240,,p4,data/natural_driving/p4/剪辑好的视频/第一批/12.12 234035-000435/12月18日.mp4
images/p4_12.07_150508-153508_12_17_f026241_s0000017.jpg,Non-Forward,26241,1049.640,,p4,data/natural_driving/p4/剪辑好的视频/第一批/12.07 150508-153508/12月17日.mp4
images/p4_12.11_084828-091828_12_17_1_f026253_s0000045.jpg,In-Car,26253,1050.120,,p4,data/natural_driving/p4/剪辑好的视频/第一批/12.11 084828-091828/12月17日(1).mp4
images/p4_12.12_161823-164523_12_17_1_f026454_s0000219.jpg,Forward,26454,1058.160,,p4,data/natural_driving/p4/剪辑好的视频/第一批/12.12 161823-164523/12月17日(1).mp4
images/p4_12.11_140844-143544_12_17_1_f026636_s0000107.jpg,Forward,26636,1065.440,,p4,data/natural_driving/p4/剪辑好的视频/第一批/12.11 140844-143544/12月17日(1).mp4
images/p4_12.12_234035-000435_12_18_f026996_s0000280.jpg,Forward,26996,1079.840,,p4,data/natural_driving/p4/剪辑好的视频/第一批/12.12 234035-000435/12月18日.mp4
images/p4_12.12_161823-164523_12_17_1_f027238_s0000220.jpg,Forward,27238,1089.520,,p4,data/natural_driving/p4/剪辑好的视频/第一批/12.12 161823-164523/12月17日(1).mp4
images/p4_12.11_092128-094645_12_17_f027350_s0000078.jpg,In-Car,27350,1094.000,,p4,data/natural_driving/p4/剪辑好的视频/第一批/12.11 092128-094645/12月17日.mp4
images/p4_12.12_183257-195057_12_17_f027502_s0000240.jpg,Forward,27502,1100.080,,p4,data/natural_driving/p4/剪辑好的视频/第一批/12.12 183257-195057/12月17日.mp4
images/p4_12.07_150508-153508_12_17_f027911_s0000018.jpg,Forward,27911,1116.440,,p4,data/natural_driving/p4/剪辑好的视频/第一批/12.07 150508-153508/12月17日.mp4
images/p4_12.11_084828-091828_12_17_1_f028370_s0000046.jpg,Forward,28370,1134.800,,p4,data/natural_driving/p4/剪辑好的视频/第一批/12.11 084828-091828/12月17日(1).mp4
images/p4_12.11_092128-094645_12_17_f028370_s0000079.jpg,Forward,28370,1134.800,,p4,data/natural_driving/p4/剪辑好的视频/第一批/12.11 092128-094645/12月17日.mp4
images/p4_12.11_163909-170909_12_17_f028382_s0000133.jpg,Forward,28382,1135.280,,p4,data/natural_driving/p4/剪辑好的视频/第一批/12.11 163909-170909/12月17日.mp4
images/p4_12.12_091525-094535_12_17_1_f028486_s0000164.jpg,In-Car,28486,1139.440,,p4,data/natural_driving/p4/剪辑好的视频/第一批/12.12 091525-094535/12月17日(1).mp4
images/p4_12.11_140844-143544_12_17_1_f028922_s0000108.jpg,In-Car,28922,1156.880,,p4,data/natural_driving/p4/剪辑好的视频/第一批/12.11 140844-143544/12月17日(1).mp4
images/p4_12.11_092128-094645_12_17_f029157_s0000080.jpg,Non-Forward,29157,1166.280,,p4,data/natural_driving/p4/剪辑好的视频/第一批/12.11 092128-094645/12月17日.mp4
images/p4_12.12_161823-164523_12_17_1_f029244_s0000221.jpg,Forward,29244,1169.760,,p4,data/natural_driving/p4/剪辑好的视频/第一批/12.12 161823-164523/12月17日(1).mp4
images/p4_12.12_091525-094535_12_17_1_f029286_s0000165.jpg,In-Car,29286,1171.440,,p4,data/natural_driving/p4/剪辑好的视频/第一批/12.12 091525-094535/12月17日(1).mp4
images/p4_12.12_234035-000435_12_18_f029478_s0000281.jpg,In-Car,29478,1179.120,,p4,data/natural_driving/p4/剪辑好的视频/第一批/12.12 234035-000435/12月18日.mp4
images/p4_12.07_150508-153508_12_17_f029707_s0000019.jpg,Forward,29707,1188.280,,p4,data/natural_driving/p4/剪辑好的视频/第一批/12.07 150508-153508/12月17日.mp4
images/p4_12.12_161823-164523_12_17_1_f029750_s0000222.jpg,Forward,29750,1190.000,,p4,data/natural_driving/p4/剪辑好的视频/第一批/12.12 161823-164523/12月17日(1).mp4
images/p4_12.11_140844-143544_12_17_1_f029981_s0000109.jpg,Forward,29981,1199.240,,p4,data/natural_driving/p4/剪辑好的视频/第一批/12.11 140844-143544/12月17日(1).mp4
images/p4_12.11_163909-170909_12_17_f030431_s0000134.jpg,Forward,30431,1217.240,,p4,data/natural_driving/p4/剪辑好的视频/第一批/12.11 163909-170909/12月17日.mp4
images/p4_12.12_183257-195057_12_17_f030513_s0000241.jpg,Forward,30513,1220.520,,p4,data/natural_driving/p4/剪辑好的视频/第一批/12.12 183257-195057/12月17日.mp4
images/p4_12.11_092128-094645_12_17_f030783_s0000081.jpg,Other,30783,1231.320,,p4,data/natural_driving/p4/剪辑好的视频/第一批/12.11 092128-094645/12月17日.mp4
images/p4_12.12_234035-000435_12_18_f030909_s0000282.jpg,In-Car,30909,1236.360,,p4,data/natural_driving/p4/剪辑好的视频/第一批/12.12 234035-000435/12月18日.mp4
images/p4_12.12_091525-094535_12_17_1_f030986_s0000166.jpg,Forward,30986,1239.440,,p4,data/natural_driving/p4/剪辑好的视频/第一批/12.12 091525-094535/12月17日(1).mp4
images/p4_12.11_140844-143544_12_17_1_f031148_s0000110.jpg,Forward,31148,1245.920,,p4,data/natural_driving/p4/剪辑好的视频/第一批/12.11 140844-143544/12月17日(1).mp4
images/p4_12.07_150508-153508_12_17_f031276_s0000020.jpg,In-Car,31276,1251.040,,p4,data/natural_driving/p4/剪辑好的视频/第一批/12.07 150508-153508/12月17日.mp4
images/p4_12.12_091525-094535_12_17_1_f031388_s0000167.jpg,Forward,31388,1255.520,,p4,data/natural_driving/p4/剪辑好的视频/第一批/12.12 091525-094535/12月17日(1).mp4
images/p4_12.11_084828-091828_12_17_1_f031885_s0000047.jpg,In-Car,31885,1275.400,,p4,data/natural_driving/p4/剪辑好的视频/第一批/12.11 084828-091828/12月17日(1).mp4
images/p4_12.11_092128-094645_12_17_f031953_s0000082.jpg,Other,31953,1278.120,,p4,data/natural_driving/p4/剪辑好的视频/第一批/12.11 092128-094645/12月17日.mp4
images/p4_12.12_161823-164523_12_17_1_f031989_s0000223.jpg,Forward,31989,1279.560,,p4,data/natural_driving/p4/剪辑好的视频/第一批/12.12 161823-164523/12月17日(1).mp4
images/p4_12.11_163909-170909_12_17_f032847_s0000135.jpg,Forward,32847,1313.880,,p4,data/natural_driving/p4/剪辑好的视频/第一批/12.11 163909-170909/12月17日.mp4
images/p4_12.11_092128-094645_12_17_f032856_s0000083.jpg,Other,32856,1314.240,,p4,data/natural_driving/p4/剪辑好的视频/第一批/12.11 092128-094645/12月17日.mp4
images/p4_12.12_091525-094535_12_17_1_f032941_s0000168.jpg,Non-Forward,32941,1317.640,,p4,data/natural_driving/p4/剪辑好的视频/第一批/12.12 091525-094535/12月17日(1).mp4
images/p4_12.11_140844-143544_12_17_1_f033033_s0000111.jpg,Forward,33033,1321.320,,p4,data/natural_driving/p4/剪辑好的视频/第一批/12.11 140844-143544/12月17日(1).mp4
images/p4_12.12_161823-164523_12_17_1_f033340_s0000224.jpg,In-Car,33340,1333.600,,p4,data/natural_driving/p4/剪辑好的视频/第一批/12.12 161823-164523/12月17日(1).mp4
images/p4_12.07_150508-153508_12_17_f033374_s0000021.jpg,Forward,33374,1334.960,,p4,data/natural_driving/p4/剪辑好的视频/第一批/12.07 150508-153508/12月17日.mp4
images/p4_12.11_084828-091828_12_17_1_f033483_s0000048.jpg,Forward,33483,1339.320,,p4,data/natural_driving/p4/剪辑好的视频/第一批/12.11 084828-091828/12月17日(1).mp4
images/p4_12.12_183257-195057_12_17_f033576_s0000242.jpg,Non-Forward,33576,1343.040,,p4,data/natural_driving/p4/剪辑好的视频/第一批/12.12 183257-195057/12月17日.mp4
images/p4_12.12_234035-000435_12_18_f033658_s0000283.jpg,In-Car,33658,1346.320,,p4,data/natural_driving/p4/剪辑好的视频/第一批/12.12 234035-000435/12月18日.mp4
images/p4_12.11_163909-170909_12_17_f034021_s0000136.jpg,Forward,34021,1360.840,,p4,data/natural_driving/p4/剪辑好的视频/第一批/12.11 163909-170909/12月17日.mp4
images/p4_12.11_140844-143544_12_17_1_f034035_s0000112.jpg,Forward,34035,1361.400,,p4,data/natural_driving/p4/剪辑好的视频/第一批/12.11 140844-143544/12月17日(1).mp4
images/p4_12.11_092128-094645_12_17_f034174_s0000084.jpg,Other,34174,1366.960,,p4,data/natural_driving/p4/剪辑好的视频/第一批/12.11 092128-094645/12月17日.mp4
images/p4_12.12_183257-195057_12_17_f034426_s0000243.jpg,Forward,34426,1377.040,,p4,data/natural_driving/p4/剪辑好的视频/第一批/12.12 183257-195057/12月17日.mp4
images/p4_12.12_161823-164523_12_17_1_f034468_s0000225.jpg,In-Car,34468,1378.720,,p4,data/natural_driving/p4/剪辑好的视频/第一批/12.12 161823-164523/12月17日(1).mp4
images/p4_12.11_084828-091828_12_17_1_f034604_s0000049.jpg,Forward,34604,1384.160,,p4,data/natural_driving/p4/剪辑好的视频/第一批/12.11 084828-091828/12月17日(1).mp4
images/p4_12.11_140844-143544_12_17_1_f034767_s0000113.jpg,Forward,34767,1390.680,,p4,data/natural_driving/p4/剪辑好的视频/第一批/12.11 140844-143544/12月17日(1).mp4
images/p4_12.12_091525-094535_12_17_1_f034818_s0000169.jpg,Forward,34818,1392.720,,p4,data/natural_driving/p4/剪辑好的视频/第一批/12.12 091525-094535/12月17日(1).mp4
images/p4_12.11_092128-094645_12_17_f034975_s0000085.jpg,Other,34975,1399.000,,p4,data/natural_driving/p4/剪辑好的视频/第一批/12.11 092128-094645/12月17日.mp4
images/p4_12.11_163909-170909_12_17_f035101_s0000137.jpg,Forward,35101,1404.040,,p4,data/natural_driving/p4/剪辑好的视频/第一批/12.11 163909-170909/12月17日.mp4
images/p4_12.07_150508-153508_12_17_f035112_s0000022.jpg,Forward,35112,1404.480,,p4,data/natural_driving/p4/剪辑好的视频/第一批/12.07 150508-153508/12月17日.mp4
images/p4_12.12_161823-164523_12_17_1_f035337_s0000226.jpg,Forward,35337,1413.480,,p4,data/natural_driving/p4/剪辑好的视频/第一批/12.12 161823-164523/12月17日(1).mp4
images/p4_12.12_234035-000435_12_18_f035347_s0000284.jpg,In-Car,35347,1413.880,,p4,data/natural_driving/p4/剪辑好的视频/第一批/12.12 234035-000435/12月18日.mp4
images/p4_12.07_150508-153508_12_17_f035474_s0000023.jpg,Forward,35474,1418.960,,p4,data/natural_driving/p4/剪辑好的视频/第一批/12.07 150508-153508/12月17日.mp4
images/p4_12.12_091525-094535_12_17_1_f036067_s0000170.jpg,Forward,36067,1442.680,,p4,data/natural_driving/p4/剪辑好的视频/第一批/12.12 091525-094535/12月17日(1).mp4
images/p4_12.11_084828-091828_12_17_1_f036119_s0000050.jpg,In-Car,36119,1444.760,,p4,data/natural_driving/p4/剪辑好的视频/第一批/12.11 084828-091828/12月17日(1).mp4
images/p4_12.12_234035-000435_12_18_f036358_s0000285.jpg,Forward,36358,1454.320,,p4,data/natural_driving/p4/剪辑好的视频/第一批/12.12 234035-000435/12月18日.mp4
images/p4_12.11_092128-094645_12_17_f036380_s0000086.jpg,Other,36380,1455.200,,p4,data/natural_driving/p4/剪辑好的视频/第一批/12.11 092128-094645/12月17日.mp4
images/p4_12.11_140844-143544_12_17_1_f036396_s0000114.jpg,Forward,36396,1455.840,,p4,data/natural_driving/p4/剪辑好的视频/第一批/12.11 140844-143544/12月17日(1).mp4
images/p4_12.12_161823-164523_12_17_1_f037148_s0000227.jpg,Non-Forward,37148,1485.920,,p4,data/natural_driving/p4/剪辑好的视频/第一批/12.12 161823-164523/12月17日(1).mp4
images/p4_12.12_091525-094535_12_17_1_f037291_s0000171.jpg,Forward,37291,1491.640,,p4,data/natural_driving/p4/剪辑好的视频/第一批/12.12 091525-094535/12月17日(1).mp4
images/p4_12.12_183257-195057_12_17_f037364_s0000244.jpg,Forward,37364,1494.560,,p4,data/natural_driving/p4/剪辑好的视频/第一批/12.12 183257-195057/12月17日.mp4
images/p4_12.11_140844-143544_12_17_1_f037518_s0000115.jpg,Non-Forward,37518,1500.720,,p4,data/natural_driving/p4/剪辑好的视频/第一批/12.11 140844-143544/12月17日(1).mp4
images/p4_12.11_163909-170909_12_17_f037585_s0000138.jpg,Forward,37585,1503.400,,p4,data/natural_driving/p4/剪辑好的视频/第一批/12.11 163909-170909/12月17日.mp4
images/p4_12.12_234035-000435_12_18_f037698_s0000286.jpg,Forward,37698,1507.920,,p4,data/natural_driving/p4/剪辑好的视频/第一批/12.12 234035-000435/12月18日.mp4
images/p4_12.11_084828-091828_12_17_1_f038094_s0000051.jpg,Non-Forward,38094,1523.760,,p4,data/natural_driving/p4/剪辑好的视频/第一批/12.11 084828-091828/12月17日(1).mp4
images/p4_12.07_150508-153508_12_17_f038109_s0000024.jpg,In-Car,38109,1524.360,,p4,data/natural_driving/p4/剪辑好的视频/第一批/12.07 150508-153508/12月17日.mp4
images/p4_12.12_091525-094535_12_17_1_f038282_s0000172.jpg,Forward,38282,1531.280,,p4,data/natural_driving/p4/剪辑好的视频/第一批/12.12 091525-094535/12月17日(1).mp4
images/p4_12.11_092128-094645_12_17_f038324_s0000087.jpg,In-Car,38324,1532.960,,p4,data/natural_driving/p4/剪辑好的视频/第一批/12.11 092128-094645/12月17日.mp4
images/p4_12.12_161823-164523_12_17_1_f038353_s0000228.jpg,Forward,38353,1534.120,,p4,data/natural_driving/p4/剪辑好的视频/第一批/12.12 161823-164523/12月17日(1).mp4
images/p4_12.07_150508-153508_12_17_f038907_s0000025.jpg,In-Car,38907,1556.280,,p4,data/natural_driving/p4/剪辑好的视频/第一批/12.07 150508-153508/12月17日.mp4
images/p4_12.11_140844-143544_12_17_1_f039117_s0000116.jpg,Non-Forward,39117,1564.680,,p4,data/natural_driving/p4/剪辑好的视频/第一批/12.11 140844-143544/12月17日(1).mp4
images/p4_12.12_161823-164523_12_17_1_f039249_s0000229.jpg,Forward,39249,1569.960,,p4,data/natural_driving/p4/剪辑好的视频/第一批/12.12 161823-164523/12月17日(1).mp4
images/p4_12.12_234035-000435_12_18_f039667_s0000287.jpg,Forward,39667,1586.680,,p4,data/natural_driving/p4/剪辑好的视频/第一批/12.12 234035-000435/12月18日.mp4
images/p4_12.12_091525-094535_12_17_1_f040020_s0000173.jpg,Non-Forward,40020,1600.800,,p4,data/natural_driving/p4/剪辑好的视频/第一批/12.12 091525-094535/12月17日(1).mp4
images/p4_12.11_163909-170909_12_17_f040270_s0000139.jpg,Forward,40270,1610.800,,p4,data/natural_driving/p4/剪辑好的视频/第一批/12.11 163909-170909/12月17日.mp4
images/p4_12.12_161823-164523_12_17_1_f040393_s0000230.jpg,In-Car,40393,1615.720,,p4,data/natural_driving/p4/剪辑好的视频/第一批/12.12 161823-164523/12月17日(1).mp4
images/p4_12.11_084828-091828_12_17_1_f040678_s0000052.jpg,Non-Forward,40678,1627.120,,p4,data/natural_driving/p4/剪辑好的视频/第一批/12.11 084828-091828/12月17日(1).mp4
images/p4_12.11_140844-143544_12_17_1_f041140_s0000117.jpg,Non-Forward,41140,1645.600,,p4,data/natural_driving/p4/剪辑好的视频/第一批/12.11 140844-143544/12月17日(1).mp4
images/p4_12.07_150508-153508_12_17_f041506_s0000026.jpg,Forward,41506,1660.240,,p4,data/natural_driving/p4/剪辑好的视频/第一批/12.07 150508-153508/12月17日.mp4
images/p4_12.12_161823-164523_12_17_1_f041738_s0000231.jpg,Other,41738,1669.520,,p4,data/natural_driving/p4/剪辑好的视频/第一批/12.12 161823-164523/12月17日(1).mp4
images/p4_12.12_183257-195057_12_17_f041858_s0000245.jpg,Forward,41858,1674.320,,p4,data/natural_driving/p4/剪辑好的视频/第一批/12.12 183257-195057/12月17日.mp4
images/p4_12.12_091525-094535_12_17_1_f042051_s0000174.jpg,Other,42051,1682.040,,p4,data/natural_driving/p4/剪辑好的视频/第一批/12.12 091525-094535/12月17日(1).mp4
images/p4_12.11_084828-091828_12_17_1_f042093_s0000053.jpg,Forward,42093,1683.720,,p4,data/natural_driving/p4/剪辑好的视频/第一批/12.11 084828-091828/12月17日(1).mp4
images/p4_12.12_091525-094535_12_17_1_f042414_s0000175.jpg,Other,42414,1696.560,,p4,data/natural_driving/p4/剪辑好的视频/第一批/12.12 091525-094535/12月17日(1).mp4
images/p4_12.11_140844-143544_12_17_1_f042473_s0000118.jpg,Non-Forward,42473,1698.920,,p4,data/natural_driving/p4/剪辑好的视频/第一批/12.11 140844-143544/12月17日(1).mp4
images/p4_12.11_163909-170909_12_17_f042633_s0000140.jpg,Forward,42633,1705.320,,p4,data/natural_driving/p4/剪辑好的视频/第一批/12.11 163909-170909/12月17日.mp4
images/p4_12.07_150508-153508_12_17_f042910_s0000027.jpg,In-Car,42910,1716.400,,p4,data/natural_driving/p4/剪辑好的视频/第一批/12.07 150508-153508/12月17日.mp4
images/p4_12.11_140844-143544_12_17_1_f043287_s0000119.jpg,In-Car,43287,1731.480,,p4,data/natural_driving/p4/剪辑好的视频/第一批/12.11 140844-143544/12月17日(1).mp4
images/p4_12.11_163909-170909_12_17_f043758_s0000141.jpg,Forward,43758,1750.320,,p4,data/natural_driving/p4/剪辑好的视频/第一批/12.11 163909-170909/12月17日.mp4
images/p4_12.07_150508-153508_12_17_f044556_s0000028.jpg,In-Car,44556,1782.240,,p4,data/natural_driving/p4/剪辑好的视频/第一批/12.07 150508-153508/12月17日.mp4
images/p4_12.11_084828-091828_12_17_1_f044625_s0000054.jpg,In-Car,44625,1785.000,,p4,data/natural_driving/p4/剪辑好的视频/第一批/12.11 084828-091828/12月17日(1).mp4
images/p4_12.07_150508-153508_12_17_f045776_s0000029.jpg,Non-Forward,45776,1831.040,,p4,data/natural_driving/p4/剪辑好的视频/第一批/12.07 150508-153508/12月17日.mp4
images/p4_12.12_183257-195057_12_17_f046284_s0000246.jpg,Non-Forward,46284,1851.360,,p4,data/natural_driving/p4/剪辑好的视频/第一批/12.12 183257-195057/12月17日.mp4
images/p4_12.11_163909-170909_12_17_f046566_s0000142.jpg,Forward,46566,1862.640,,p4,data/natural_driving/p4/剪辑好的视频/第一批/12.11 163909-170909/12月17日.mp4
images/p4_12.07_150508-153508_12_17_f047059_s0000030.jpg,Forward,47059,1882.360,,p4,data/natural_driving/p4/剪辑好的视频/第一批/12.07 150508-153508/12月17日.mp4
images/p4_12.11_084828-091828_12_17_1_f047620_s0000055.jpg,Forward,47620,1904.800,,p4,data/natural_driving/p4/剪辑好的视频/第一批/12.11 084828-091828/12月17日(1).mp4
images/p4_12.12_183257-195057_12_17_f047784_s0000247.jpg,In-Car,47784,1911.360,,p4,data/natural_driving/p4/剪辑好的视频/第一批/12.12 183257-195057/12月17日.mp4
images/p4_12.07_150508-153508_12_17_f048191_s0000031.jpg,In-Car,48191,1927.640,,p4,data/natural_driving/p4/剪辑好的视频/第一批/12.07 150508-153508/12月17日.mp4
images/p4_12.11_163909-170909_12_17_f049206_s0000143.jpg,Other,49206,1968.240,,p4,data/natural_driving/p4/剪辑好的视频/第一批/12.11 163909-170909/12月17日.mp4
images/p4_12.12_183257-195057_12_17_f049935_s0000248.jpg,Forward,49935,1997.400,,p4,data/natural_driving/p4/剪辑好的视频/第一批/12.12 183257-195057/12月17日.mp4
images/p4_12.12_183257-195057_12_17_f053599_s0000249.jpg,Forward,53599,2143.960,,p4,data/natural_driving/p4/剪辑好的视频/第一批/12.12 183257-195057/12月17日.mp4
images/p4_12.12_183257-195057_12_17_f056458_s0000250.jpg,Forward,56458,2258.320,,p4,data/natural_driving/p4/剪辑好的视频/第一批/12.12 183257-195057/12月17日.mp4
images/p4_12.12_183257-195057_12_17_f059546_s0000251.jpg,Forward,59546,2381.840,,p4,data/natural_driving/p4/剪辑好的视频/第一批/12.12 183257-195057/12月17日.mp4
images/p4_12.12_183257-195057_12_17_f064056_s0000252.jpg,Forward,64056,2562.240,,p4,data/natural_driving/p4/剪辑好的视频/第一批/12.12 183257-195057/12月17日.mp4
images/p4_12.12_183257-195057_12_17_f066790_s0000253.jpg,Forward,66790,2671.600,,p4,data/natural_driving/p4/剪辑好的视频/第一批/12.12 183257-195057/12月17日.mp4
images/p4_12.12_183257-195057_12_17_f068620_s0000254.jpg,In-Car,68620,2744.800,,p4,data/natural_driving/p4/剪辑好的视频/第一批/12.12 183257-195057/12月17日.mp4
images/p4_12.12_183257-195057_12_17_f072867_s0000255.jpg,Forward,72867,2914.680,,p4,data/natural_driving/p4/剪辑好的视频/第一批/12.12 183257-195057/12月17日.mp4
images/p4_12.12_183257-195057_12_17_f074983_s0000256.jpg,Forward,74983,2999.320,,p4,data/natural_driving/p4/剪辑好的视频/第一批/12.12 183257-195057/12月17日.mp4
images/p4_12.12_183257-195057_12_17_f078465_s0000257.jpg,Forward,78465,3138.600,,p4,data/natural_driving/p4/剪辑好的视频/第一批/12.12 183257-195057/12月17日.mp4
images/p4_12.12_183257-195057_12_17_f082312_s0000258.jpg,Forward,82312,3292.480,,p4,data/natural_driving/p4/剪辑好的视频/第一批/12.12 183257-195057/12月17日.mp4
images/p4_12.12_183257-195057_12_17_f084534_s0000259.jpg,Forward,84534,3381.360,,p4,data/natural_driving/p4/剪辑好的视频/第一批/12.12 183257-195057/12月17日.mp4
images/p4_12.12_183257-195057_12_17_f086912_s0000260.jpg,In-Car,86912,3476.480,,p4,data/natural_driving/p4/剪辑好的视频/第一批/12.12 183257-195057/12月17日.mp4
images/p4_12.12_183257-195057_12_17_f091512_s0000261.jpg,Forward,91512,3660.480,,p4,data/natural_driving/p4/剪辑好的视频/第一批/12.12 183257-195057/12月17日.mp4
images/p4_12.12_183257-195057_12_17_f095044_s0000262.jpg,Forward,95044,3801.760,,p4,data/natural_driving/p4/剪辑好的视频/第一批/12.12 183257-195057/12月17日.mp4
images/p4_12.12_183257-195057_12_17_f096284_s0000263.jpg,Forward,96284,3851.360,,p4,data/natural_driving/p4/剪辑好的视频/第一批/12.12 183257-195057/12月17日.mp4
